created_at;id_str;full_text;quote_count;reply_count;retweet_count;favorite_count;lang;user_id_str;conversation_id_str;username;tweet_url
Sun Oct 29 23:59:26 +0000 2023;1,71878E+18;@Melihat_Indo @ganjarpranowo @mohmahfudmd GanjarMahfud mencalonkan diri dg cara yg baik , bukan dengan membuang etika politik #GanjarMahfudTaatKonstitusi https://t.co/A9XtTJHugP;0;0;0;1;in;1,70969E+18;1,71854E+18;keyatamboy;https://twitter.com/keyatamboy/status/1718779607678353509
Sun Oct 29 23:54:35 +0000 2023;1,71878E+18;@andre_rosiade @gibran_tweet Saya dulu mengidolakan @Jokowi dan saya mengajak basis sy memenangkan @Jokowi sampai 2 periode, berjibaku saat melawan @prabowo tp selalu mengkritisi kebijakannya, skrg sy liat @GanjarMahfud lebih baik dari @Jokowi, kenapa?  UU Perampasan Aset Koruptor, sy tdk rela Koruptor subur;0;0;0;1;in;8,89377E+17;1,71846E+18;marsusuka;https://twitter.com/marsusuka/status/1718778385885986954
Sun Oct 29 23:54:18 +0000 2023;1,71878E+18;Silaturrahim Ke Pesantren Inabah 1, Kabupaten Ciamis (29/10/2023) #ganjarmahfud #Ganjar #Ganjarpranowo #ganjar2024 #ganjaruntuksemua #kamiganjar #tetapganjar #ganjarrebound #jatenghappyending #tetappilihganjar #harisantrinasional https://t.co/ddfpZe7nmB;0;0;0;0;in;1,51471E+18;1,71878E+18;dukung_ganjar;https://twitter.com/dukung_ganjar/status/1718778315086184842
Sun Oct 29 23:54:05 +0000 2023;1,71878E+18;Saya dulu mengidolakan @Jokowi dan saya mengajak basis sy memenangkan @Jokowi sampai 2 periode, berjibaku saat melawan @prabowo tp selalu mengkritisi kebijakannya, skrg sy liat @GanjarMahfud lebih baik dari @Jokowi, kenapa?  UU Perampasan Aset Koruptor, sy tdk rela Koruptor subur;0;0;0;0;in;8,89377E+17;1,71878E+18;marsusuka;https://twitter.com/marsusuka/status/1718778261097062694
Sun Oct 29 23:48:48 +0000 2023;1,71878E+18;@__AnakKolong Saya dulu mengidolakan @Jokowi dan saya mengajak basis sy memenangkan @Jokowi sampai 2 periode, berjibaku saat melawan @prabowo tp selalu mengkritisi kebijakannya, skrg sy liat @GanjarMahfud lebih baik dari @Jokowi, kenapa?  UU Perampasan Aset Koruptor, sy tdk rela Koruptor subur;0;0;0;0;in;8,89377E+17;1,71859E+18;marsusuka;https://twitter.com/marsusuka/status/1718776932966486112
Sun Oct 29 23:46:34 +0000 2023;1,71878E+18;@andre_rosiade Saya dulu mengidolakan @Jokowi dan saya mengajak basis sy memenangkan @Jokowi sampai 2 periode, berjibaku saat melawan @prabowo tp selalu mengkritisi kebijakannya, skrg sy liat @GanjarMahfud lebih baik dari @Jokowi, kenapa?  UU Perampasan Aset Koruptor, sy tdk rela Koruptor subur;0;0;0;0;in;8,89377E+17;1,71842E+18;marsusuka;https://twitter.com/marsusuka/status/1718776369365279016
Sun Oct 29 23:46:05 +0000 2023;1,71878E+18;@UmarSyadatHsb__ Saya dulu mengidolakan @Jokowi dan saya mengajak basis sy memenangkan @Jokowi sampai 2 periode, berjibaku saat melawan @prabowo tp selalu mengkritisi kebijakannya, skrg sy liat @GanjarMahfud lebih baik dari @Jokowi, kenapa?  UU Perampasan Aset Koruptor, sy tdk rela Koruptor subur;0;0;0;0;in;8,89377E+17;1,71843E+18;marsusuka;https://twitter.com/marsusuka/status/1718776250037366810
Sun Oct 29 23:44:11 +0000 2023;1,71878E+18;@Chynthia_K Saya dulu mengidolakan @Jokowi dan saya mengajak basis sy memenangkan @Jokowi sampai 2 periode, berjibaku saat melawan @prabowo tp selalu mengkritisi kebijakannya, skrg sy liat @GanjarMahfud lebih baik dari @Jokowi, kenapa?  UU Perampasan Aset Koruptor, sy tdk rela Koruptor subur;0;0;0;0;in;8,89377E+17;1,71815E+18;marsusuka;https://twitter.com/marsusuka/status/1718775771521806454
Sun Oct 29 23:43:34 +0000 2023;1,71878E+18;@KarelA74431621 @lahedom99 @Chynthia_K Saya dulu mengidolakan @Jokowi dan saya mengajak basis sy memenangkan @Jokowi sampai 2 periode, berjibaku saat melawan @prabowo tp selalu mengkritisi kebijakannya, skrg sy liat @GanjarMahfud lebih baik dari @Jokowi, kenapa?  UU Perampasan Aset Koruptor, sy tdk rela Koruptor subur;0;0;0;0;in;8,89377E+17;1,71815E+18;marsusuka;https://twitter.com/marsusuka/status/1718775615212724356
Sun Oct 29 23:37:47 +0000 2023;1,71877E+18;@blantik_pedhet1 @jokowi Saya dulu mengidolakan @Jokowi sampai2 saya mengajak basis sy memenangkan @Jokowi sampai 2 periode, berjibaku saat melawan @prabowo tp selalu mengkritisi kebijakannya, skrg sy liat @GanjarMahfud lebih baik dari @Jokowi, kenapa?  UU Perampasan Aset Koruptor, sy tdk rela Koruptor..;0;0;0;0;in;8,89377E+17;1,71859E+18;marsusuka;https://twitter.com/marsusuka/status/1718774158207979625
Sun Oct 29 23:35:09 +0000 2023;1,71877E+18;Kekuatan kami bkn sumber dana yg melimpah ruah  Kekuatan kami bkn instrumen &amp  perangkat negara  Kekuatan kami adalah semangat militansi &amp  jiwa spartan yg menolak tunduk kpd kepentingan segelintir orang yg ingin terus berkuasa dengan menghalalkan segala cara üî• #GanjarMahfud https://t.co/GUSSpBrYkp;0;2;5;16;in;1,15772E+18;1,71877E+18;Twillight_Loid;https://twitter.com/Twillight_Loid/status/1718773496388706672
Sun Oct 29 23:17:41 +0000 2023;1,71877E+18;@Uki23 GanjarMahfud suaramu bertambah total jafi 223 orang, prabowo gibran suaramu berkurang 223 orang di ciledug...ah gak efek juga kali masih kecilllll;0;0;0;0;in;8,86484E+17;1,71846E+18;Tri32242517;https://twitter.com/Tri32242517/status/1718769102817481105
Sun Oct 29 22:39:43 +0000 2023;1,71876E+18;#106HariMenujuPemilu : https://t.co/mDSh6KQnts  #LanjutGan #GanjarPresiden #GanjaristOptimis #GanjarMahfud #GerakCepatGanjarMahfud #MenujuIndonesiaUnggul @ganjarpranowo @mohmahfudmd @TPNGanjarMahfud  @Ganjaran_app @PDI_Perjuangan @DPP_PPP @PartaiPerindo @hanura_official https://t.co/e8U9ZoxFEn;0;0;0;0;und;1,47903E+18;1,71876E+18;Ganjarist_Ind;https://twitter.com/Ganjarist_Ind/status/1718759548125921715
Sun Oct 29 22:35:53 +0000 2023;1,71876E+18;Keunggulan Ganjar Mahfud punya rekam jejak mendukung pemberantasan korupsi  #GanjarMahfud2024 #GanjarMahfud #GanjarPranowo   Mega Jokowi Zendaya Red Sparks Inkigayo Yahudi Fuji SEUNGCHEOL KEREN BANGET Pak Bas Samsung Kiky eric nam Yahudi Minggu Zionis #DAY6 Manchester City https://t.co/gGb8uAg0gU;0;0;0;0;in;4862415833;1,71876E+18;welcomeee9;https://twitter.com/welcomeee9/status/1718758581133250648
Sun Oct 29 22:35:49 +0000 2023;1,71876E+18;Jangan Gentar &amp  Takut .. @ganjarpranowo &amp  @mohmahfudmd   #GanjarMahfud  #RelawanMMD #Jokowi https://t.co/NvtzGWGMWu;0;0;1;3;in;1,30697E+18;1,71876E+18;JelitaLombok;https://twitter.com/JelitaLombok/status/1718758565727645854
Sun Oct 29 22:35:37 +0000 2023;1,71876E+18;Ganjar Mahfud tak gentar membasmi korupsi di Indonesia  #GanjarMahfud2024 #GanjarMahfud #GanjarPranowo   Mega Jokowi Zendaya Red Sparks Inkigayo Yahudi Fuji SEUNGCHEOL KEREN BANGET Pak Bas Samsung Kiky eric nam Yahudi Minggu Zionis #DAY6 Manchester City Bahlil Jatinangor https://t.co/2O6UhLBXEY;0;0;0;0;in;4862415833;1,71876E+18;welcomeee9;https://twitter.com/welcomeee9/status/1718758514246783159
Sun Oct 29 22:35:28 +0000 2023;1,71876E+18;Rumah kebaikan Nusantara dukung Ganjar Mahfud di Pilpres 2024  #GanjarMahfud2024 #GanjarMahfud #GanjarPranowo   Mega Jokowi Zendaya Red Sparks Inkigayo Yahudi Fuji SEUNGCHEOL KEREN BANGET Pak Bas Samsung Kiky eric nam Yahudi Minggu Zionis #DAY6 Manchester City Bahlil Jatinangor https://t.co/dUTbINojGq;0;0;0;0;in;4862415833;1,71876E+18;welcomeee9;https://twitter.com/welcomeee9/status/1718758476321796430
Sun Oct 29 22:35:20 +0000 2023;1,71876E+18;Warga Bandung satukan semangat mendukung Ganjar Mahfud  #GanjarMahfud2024 #GanjarMahfud #GanjarPranowo   Mega Jokowi Zendaya Red Sparks Inkigayo Yahudi Fuji SEUNGCHEOL KEREN BANGET Pak Bas Samsung Kiky eric nam Yahudi Minggu Zionis #DAY6 Manchester City Bahlil Jatinangor https://t.co/T1gI9QTqW4;0;0;0;0;in;4862415833;1,71876E+18;welcomeee9;https://twitter.com/welcomeee9/status/1718758444847763726
Sun Oct 29 22:03:41 +0000 2023;1,71875E+18;@fadlizon dan @Fahrihamzah gak level jadi musuh #GanjarMahfud. bedain Oplas Aja gak tau‚Ä¶;0;0;0;0;in;1397546059;1,71875E+18;BangIssan;https://twitter.com/BangIssan/status/1718750476714508336
Sun Oct 29 20:25:49 +0000 2023;1,71873E+18;Mantap duet Ganjar dan mahfud semakin terang.  #GanjarPranowo #mahfudmd #GanjarMahfud https://t.co/4NTSblWfuA;0;0;0;1;in;1,54979E+18;1,71873E+18;merryround3;https://twitter.com/merryround3/status/1718725847815995539
Sun Oct 29 18:32:06 +0000 2023;1,7187E+18;Dukungan penuh Ganjar-Mahfud untuk gerak cepat Indonesia Maju  #GanjarMahfudMD2024 #GanjarMahfud2024 #GanjarMahfud #GanjarPranowo #GanjarCapres #GanjarCapres2024 https://t.co/3U0plvkAQj;0;0;0;0;in;1,57421E+18;1,7187E+18;kinqkelinqkinq;https://twitter.com/kinqkelinqkinq/status/1718697232000766249
Sun Oct 29 17:46:07 +0000 2023;1,71869E+18;milenial yang katanya smart ko gabisa menilai orang ini dengan smart yaüòÇüòÇüòÇ anies masih di tuduh radikal intoleran, hadehhh milenial indo doang kayanya yang bebel otak nya  #AniesMuhaimin2024 #AniesPresiden2024 #PrabowoGibran #GanjarMahfud #AMINAjaDulu https://t.co/Gv2H1hWDhH;0;0;0;0;in;1,58864E+18;1,71869E+18;CFC_Birly;https://twitter.com/CFC_Birly/status/1718685657709895776
Sun Oct 29 17:17:27 +0000 2023;1,71868E+18;Virginia Eubanks membuktikan bahwa masyarakat miskin adalah burung kenari sesungguhnya di tambang batu bara yang diawasi oleh kapitalisme. (Dalam Shoshanna Zuboff)  #GanjarMahfud pelayan #WongCilik Indonesia.;0;0;0;0;in;1,61899E+18;1,71868E+18;Agustin95928261;https://twitter.com/Agustin95928261/status/1718678445671243872
Sun Oct 29 17:14:38 +0000 2023;1,71868E+18;Musuh demokrasi, pencerahan dan otonomi: pengawasan kapitalisme. (Shoshanna Zuboff).  #GanjarMahfud untuk Indonesia;0;0;0;0;in;1,61899E+18;1,71868E+18;Agustin95928261;https://twitter.com/Agustin95928261/status/1718677736636756395
Sun Oct 29 16:51:24 +0000 2023;1,71867E+18;Orang baik ya jelas harus dukung orang baik dong!!!   #GanjarMahfud #GanjarMahfud2024 #DukungGanjarMahfud https://t.co/sTDuWvIM4R;0;0;0;0;in;1,70067E+18;1,71867E+18;WareIyana;https://twitter.com/WareIyana/status/1718671891609919516
Sun Oct 29 16:25:02 +0000 2023;1,71867E+18;Sosok pemimpin paripurna ada pada diri beliau, Ganjar Pranowo üëçüëçüëç #ganjar #ganjarpranowo #prabowo #prabowosubianto #paktelur #ganjarmahfud #ganjarmahfudmd #ganjarmahfud2024 #yennywahid #gusdur #fyp #fyp„Ç∑ https://t.co/4nkhEkyZmI;0;0;0;0;in;1,62623E+18;1,71867E+18;rafikaananta02;https://twitter.com/rafikaananta02/status/1718665252316045581
Sun Oct 29 16:21:11 +0000 2023;1,71866E+18;@tvOneNews GANJARMAHFUD GASPOLLLL;0;0;0;0;in;1,69186E+18;1,71861E+18;satriayaaaa;https://twitter.com/satriayaaaa/status/1718664284346228933
Sun Oct 29 16:20:46 +0000 2023;1,71866E+18;@SINDOnews GanjarMahfud sakjosee;0;0;0;0;in;1,69186E+18;1,71854E+18;satriayaaaa;https://twitter.com/satriayaaaa/status/1718664179203342473
Sun Oct 29 16:20:29 +0000 2023;1,71866E+18;Orang baik jelas di dukung orang baik juga. Ganjar terbaik #GanjarMahfud2024 #GanjarMahfud #dukungganjarmahfud https://t.co/4LOMkQjb3J;0;0;0;0;in;1,70434E+18;1,71866E+18;udhi77099;https://twitter.com/udhi77099/status/1718664108797780065
Sun Oct 29 16:18:08 +0000 2023;1,71866E+18;Drama paling Kereenn sepanjang Republik ini berdiri üòÇüòÇ #ganjar #ganjarpranowo #prabowo #prabowosubianto #paktelur #ganjarmahfud #ganjarmahfudmd #ganjarmahfud2024 #yennywahid #gusdur #fyp #fyp„Ç∑ https://t.co/B4SctpEPDL;0;0;1;1;in;1,62623E+18;1,71866E+18;rafikaananta02;https://twitter.com/rafikaananta02/status/1718663516297777511
Sun Oct 29 16:17:21 +0000 2023;1,71866E+18;@PagiPerindu Mantap, kawal GanjarMahfud sampe jadi presiden 2024 #GanjarMahfudTaatKonstitusi;0;0;0;0;in;1,70685E+18;1,71854E+18;nattaniel39296;https://twitter.com/nattaniel39296/status/1718663318913827068
Sun Oct 29 16:15:32 +0000 2023;1,71866E+18;Ganjar mahfud tetap jd pilihan terbaik #GanjarMahfud2024 #GanjarMahfud #dukungganjarmahfud https://t.co/BZvjUZTvsX;0;0;0;0;in;1,70434E+18;1,71866E+18;udhi77099;https://twitter.com/udhi77099/status/1718662863030820985
Sun Oct 29 16:11:15 +0000 2023;1,71866E+18;@SINDOnews yakinlah GANJARMAHFUD bisa memajukan Indonesia;0;0;0;0;in;1,69186E+18;1,71839E+18;satriayaaaa;https://twitter.com/satriayaaaa/status/1718661787376296176
Sun Oct 29 16:06:19 +0000 2023;1,71866E+18;Orang Baik pasti Dukung orang Baik #GanjarMahfud #GanjarMahfud2024 #DukungGanjarMahfud https://t.co/siPQqP5rEV;0;0;0;0;in;1,70436E+18;1,71866E+18;mamudmariaa;https://twitter.com/mamudmariaa/status/1718660545015157133
Sun Oct 29 16:06:05 +0000 2023;1,71866E+18;@ekokuntadhi1 Tetap GanjarMahfud;0;0;0;0;in;1,70679E+18;1,71852E+18;EfatuSos;https://twitter.com/EfatuSos/status/1718660486139724242
Sun Oct 29 16:05:41 +0000 2023;1,71866E+18;@kumparan Gass GanjarMahfud;0;0;0;0;in;1,70679E+18;1,71861E+18;EfatuSos;https://twitter.com/EfatuSos/status/1718660386579419599
Sun Oct 29 16:03:03 +0000 2023;1,71866E+18;@kiki_daliyo Ayo pak bas. Mana canda  tawamu yg bisa  menghibur kesedihan rakyat pak. Pelan2 kita bangun hukum kita yg kuat melalui GanjarMahfud .;0;0;0;0;in;1,71068E+18;1,71858E+18;Darni900;https://twitter.com/Darni900/status/1718659719865466976
Sun Oct 29 16:01:17 +0000 2023;1,71866E+18;@kiki_daliyo Pak bas. Kami rindu kecerian mu pak. Biarkan hukum ini di  utus anak2 muda dan  GanjarMahfud . Hibur kami dengancanda mu pak. Canda yg membangun pemikiran tajam terhadap penguasa saay ini;0;0;0;0;in;1,65143E+18;1,71858E+18;Zeeh006;https://twitter.com/Zeeh006/status/1718659279312622048
Sun Oct 29 16:00:36 +0000 2023;1,71866E+18;@kiki_daliyo Ayo pak bas. Mana canda  tawamu yg bisa  menghibur kesedihan rakyat pak. Pelan2 kita bangun hukum kita yg kuat melalui GanjarMahfud .;0;0;0;0;in;1,70482E+18;1,71858E+18;rizaa46;https://twitter.com/rizaa46/status/1718659104330469451
Sun Oct 29 15:59:40 +0000 2023;1,71866E+18;@ILCTalkshow Gass GanjarMahfud dukung sampai;0;0;0;0;in;1,70679E+18;1,71853E+18;EfatuSos;https://twitter.com/EfatuSos/status/1718658869415772339
Sun Oct 29 15:36:12 +0000 2023;1,71865E+18;@gus_dibyo @gibran_tweet Yang penting sekarang fokus untuk selalu mendukung GanjarMahfud aja;0;0;0;0;in;1,61383E+18;1,71862E+18;beloveme14;https://twitter.com/beloveme14/status/1718652965815472548
Sun Oct 29 15:35:27 +0000 2023;1,71865E+18;Semua cinta pak Ganjar-Mahfud ‚ù§‚ù§ #GanjarMahfud #GanjarMahfud2024 #DukungGanjarMahfud https://t.co/V6q8C1RZaq;0;0;0;0;in;1,70371E+18;1,71865E+18;Marwah17099;https://twitter.com/Marwah17099/status/1718652777025663368
Sun Oct 29 15:34:36 +0000 2023;1,71865E+18;@gus_dibyo @gibran_tweet Yah mau gimna lagi, yang penting GanjarMahfud menang satu putaran;0;0;0;0;in;1,69756E+18;1,71862E+18;syelaagum;https://twitter.com/syelaagum/status/1718652562679959824
Sun Oct 29 15:32:34 +0000 2023;1,71865E+18;Masyarakat Cinta Pemimpin yang Mendorong Penegakan Hukum dan Pemberantasan Korupsi #GanjarMahfud #GanjarMahfud2024 #DukungGanjarMahfud https://t.co/PpILwiTdqC;0;0;0;1;in;1,70407E+18;1,71865E+18;MuhMichaelzz;https://twitter.com/MuhMichaelzz/status/1718652048462504209
Sun Oct 29 15:32:30 +0000 2023;1,71865E+18;Semua cinta Ganjar Mahfud ‚ù§‚ù§ #GanjarMahfud #GanjarMahfud2024 #DukungGanjarMahfud https://t.co/EHx8Xt1kZd;0;0;0;0;in;1,70372E+18;1,71865E+18;ocktaviani_rina;https://twitter.com/ocktaviani_rina/status/1718652033497239736
Sun Oct 29 15:28:18 +0000 2023;1,71865E+18;Ganjar Mahfud, kualitasnya tidak perlu diragukan lagi Presiden Wapres pilihan kita. #GanjarMahfud #GanjarMahfud2024 #DukungGanjarMahfud https://t.co/4vcwyXVHEM;0;0;0;0;in;1,70301E+18;1,71865E+18;renocta92;https://twitter.com/renocta92/status/1718650976310349908
Sun Oct 29 15:27:05 +0000 2023;1,71865E+18;Semua cinta Ganjar Mahfud #GanjarMahfud #GanjarMahfud2024 #DukungGanjarMahfud https://t.co/HKW6ZtAdzW;0;0;0;0;in;1,47585E+18;1,71865E+18;DilaAgstn9;https://twitter.com/DilaAgstn9/status/1718650671086686629
Sun Oct 29 15:25:52 +0000 2023;1,71865E+18;Masyarakat Cinta Pemimpin yang Mendorong Penegakan Hukum dan Pemberantasan Korupsi #GanjarMahfud #GanjarMahfud2024 #DukungGanjarMahfud https://t.co/L1qk0eGga8;0;0;0;0;in;1,46786E+18;1,71865E+18;MuliaAyu__;https://twitter.com/MuliaAyu__/status/1718650362431971838
Sun Oct 29 15:25:25 +0000 2023;1,71865E+18;@kompascom GanjarMahfud gaspoll satu putaran;0;0;0;0;in;1,70724E+18;1,71859E+18;sulis32969;https://twitter.com/sulis32969/status/1718650252088246674
Sun Oct 29 15:23:27 +0000 2023;1,71865E+18;Orang baik pasti dukung orang baik  #ganjarmahfud #ganjarmahfud2024 #dukungganjarmahfud https://t.co/o9dxU98yXS;0;0;0;0;in;1,70337E+18;1,71865E+18;dewi_tissak;https://twitter.com/dewi_tissak/status/1718649754467627493
Sun Oct 29 15:21:54 +0000 2023;1,71865E+18;@tvOneNews Apapun nama singkatan nya, tetep pilih GANJARMAHFUD GASPOLL;0;0;0;0;in;1,69178E+18;1,71861E+18;Dewitayaaaa;https://twitter.com/Dewitayaaaa/status/1718649367375290603
Sun Oct 29 15:19:18 +0000 2023;1,71865E+18;Ganjar - Mahfud adalah pasangan ideal yang membawa kemajuan unruk bangsa indonesia #GanjarMahfud #GanjarCapres2024 https://t.co/udHn0cv4Zm;0;0;0;0;in;1,69583E+18;1,71865E+18;tasya_safitri55;https://twitter.com/tasya_safitri55/status/1718648711935599074
Sun Oct 29 15:19:16 +0000 2023;1,71865E+18;@kumparan GanjarMahfud sukses selalu;0;0;0;1;in;1,70724E+18;1,71858E+18;sulis32969;https://twitter.com/sulis32969/status/1718648702968164430
Sun Oct 29 15:19:10 +0000 2023;1,71865E+18;Duet berintegritas!! Ganjar - Mahfud siap dobrak kemiskinan dan berantas korupsi #GanjarMahfud #GanjarCapres2024 https://t.co/0sI58QXlsg;0;0;0;0;in;1,69583E+18;1,71865E+18;tasya_safitri55;https://twitter.com/tasya_safitri55/status/1718648677106135473
Sun Oct 29 15:19:02 +0000 2023;1,71865E+18;Ganjar - Mahfud komitmen untuk tegas berantas korupsi #GanjarMahfud #BerantasKorupsi https://t.co/50vvvWsucW;0;0;0;0;in;1,69583E+18;1,71865E+18;tasya_safitri55;https://twitter.com/tasya_safitri55/status/1718648643069358468
Sun Oct 29 15:18:40 +0000 2023;1,71865E+18;Praktisi hukum yakin Ganjar - Mahfud tegas berantas korupsi #GanjarMahfud #BerantasKorupsi https://t.co/i1yCIw2TAm;0;0;0;0;in;1,69583E+18;1,71865E+18;tasya_safitri55;https://twitter.com/tasya_safitri55/status/1718648552648564983
Sun Oct 29 15:16:28 +0000 2023;1,71865E+18;@Melihat_Indo @ganjarpranowo @mohmahfudmd Saya siap mendukung GanjarMahfud untuk tegakkan hukum di negeri ini #GanjarMahfudTaatKonstitusi https://t.co/UTCpnuumch;0;0;0;0;in;9,27217E+17;1,71854E+18;fp4cslwkhbr2k;https://twitter.com/fp4cslwkhbr2k/status/1718647998014718016
Sun Oct 29 15:14:09 +0000 2023;1,71865E+18;@Nikmatul_Sg @gibran_tweet Gak berpengaruh sih sama saya, tapi lucu aja dengarnya, pilihanku tetap GanjarMahfud;0;0;0;0;in;1,69756E+18;1,71854E+18;syelaagum;https://twitter.com/syelaagum/status/1718647416096972847
Sun Oct 29 15:08:59 +0000 2023;1,71865E+18;Semua Cinta Ganjar Mahfud #GanjarMahfud  #GanjarMahfud2024 #DukungGanjarMahfud https://t.co/AL7hoVyM92;0;0;0;0;in;1,70436E+18;1,71865E+18;intanayudong;https://twitter.com/intanayudong/status/1718646115002941753
Sun Oct 29 15:08:26 +0000 2023;1,71865E+18;@Cintada16 GanjarMahfud terbaik gasspoll satu putaran;0;0;0;1;in;1,70724E+18;1,71854E+18;sulis32969;https://twitter.com/sulis32969/status/1718645976968372653
Sun Oct 29 15:06:54 +0000 2023;1,71865E+18;@ILCTalkshow GanjarMahfud gasspol... Satu   putaran;0;0;0;0;in;1,70724E+18;1,71853E+18;sulis32969;https://twitter.com/sulis32969/status/1718645592908505589
Sun Oct 29 15:06:02 +0000 2023;1,71865E+18;@tvOneNews Kawal sampe sukses bosss ganjarmahfud gaspollll;0;0;0;0;in;1,70401E+18;1,71863E+18;dyah390173;https://twitter.com/dyah390173/status/1718645372023898117
Sun Oct 29 15:06:02 +0000 2023;1,71865E+18;@ganjarpranowo berulang Tahun tepat pd Hari Sumpah Pemuda, 28 Oktober 2023.  Semangat Muda, Gerak Cepat Utk Indonesia Unggul Nggih Pak Ganjarüî•  #GanjarPranowo #GanjarMahfud https://t.co/WoavNEEnNS;0;0;4;6;in;228628424;1,71865E+18;AirinDatangLagi;https://twitter.com/AirinDatangLagi/status/1718645371185008786
Sun Oct 29 15:05:43 +0000 2023;1,71865E+18;Undang - Undang Nomor 28 Tahun 1999. Tentang Penyelenggara Yang Bersih dan Bebas Korupsi , Kolusi Dan Nepotisme ( KKN ) Pasal 1 Ayat 5 : NEPOTISME Adalah Ketika Penyelenggara Negara Menggunakan Wewenangnya Untuk Kepentingan Keluarga Dan Kroninya.#GanjarMahfud2024 #GanjarMahfud https://t.co/s0tZ6Ex32Q;0;0;3;5;in;2902360352;1,71865E+18;alex_hunter146;https://twitter.com/alex_hunter146/status/1718645292269224447
Sun Oct 29 15:03:20 +0000 2023;1,71864E+18;Warga bandung satukan semangat dukung Ganjar - Mahfud #GanjarMahfud #Pilpres2024 https://t.co/1EsxcFUDDW;0;0;0;0;in;1,69583E+18;1,71864E+18;tasya_safitri55;https://twitter.com/tasya_safitri55/status/1718644693968564473
Sun Oct 29 15:03:11 +0000 2023;1,71864E+18;Rumah Kebaikan Nusantara dukung Ganjar - Mahfud MD di pilpres 2024 #GanjarMahfud #RumahKebaikanNusantara https://t.co/zv0ScNkopN;0;0;0;0;in;1,69583E+18;1,71864E+18;tasya_safitri55;https://twitter.com/tasya_safitri55/status/1718644655250980881
Sun Oct 29 15:03:03 +0000 2023;1,71864E+18;Ketua DPP PDIP bidang kehormatan optimis Ganjar dan Mahfud menang #GanjarMahfud #GanjarCapres2024 https://t.co/3u3iZMvamm;0;0;0;0;in;1,69583E+18;1,71864E+18;tasya_safitri55;https://twitter.com/tasya_safitri55/status/1718644621386121587
Sun Oct 29 15:02:56 +0000 2023;1,71864E+18;Penghimpunan Perempuan Indonesia Emas deklarasi dukung pasion Ganjar - Mahfud #GanjarMahfud #PerhimpunanPerempuanIndonesiaEmas https://t.co/wcHNP0jD52;0;0;0;0;in;1,69583E+18;1,71864E+18;tasya_safitri55;https://twitter.com/tasya_safitri55/status/1718644594811060254
Sun Oct 29 15:02:34 +0000 2023;1,71864E+18;@kiki_daliyo Kita harus bangkit pak bas. Negara ini harus berjaya lagi dengan kekuatan hukum. Pondasi2 hikum yg tak mudah di goyang. Oleh kepentingan politik. Bismillah GanjarMahfud presiden hukum tegak lurus;0;0;0;0;in;1,68018E+18;1,71857E+18;Belizee6;https://twitter.com/Belizee6/status/1718644499034075639
Sun Oct 29 15:02:33 +0000 2023;1,71864E+18;@ngopibareng_id GanjarMahfud gasspolll;0;0;0;0;in;1,70724E+18;1,71845E+18;sulis32969;https://twitter.com/sulis32969/status/1718644497830264984
Sun Oct 29 15:01:28 +0000 2023;1,71864E+18;@kiki_daliyo Kita harus bangkit pak bas. Negara ini harus berjaya lagi dengan kekuatan hukum. Pondasi2 hikum yg tak mudah di goyang. Oleh kepentingan politik. Bismillah GanjarMahfud presiden hukum tegak lurus;0;0;0;0;in;1,6639E+18;1,71857E+18;dexxaaar;https://twitter.com/dexxaaar/status/1718644224705667082
Sun Oct 29 14:57:09 +0000 2023;1,71864E+18;Orang cerdas pasti dukung orang cerdas juga  Rakyat cerdas dukung Ganjar - Mahfudüòá #GanjarMahfud #GanjarMahfud2024 #DukungGanjarMahfud https://t.co/e8jK0aU9Wy;0;0;0;0;in;1,46741E+18;1,71864E+18;karinaputri103;https://twitter.com/karinaputri103/status/1718643137621704711
Sun Oct 29 14:54:55 +0000 2023;1,71864E+18;@WagimanDeep212_ Ijin parkir #GanjarMahfud2024 #GanjarMahfud #GanjarMahfudKonsisten #GanjarMahfudTanpaDrama https://t.co/4kxmae4eCP;0;0;0;2;in;984293305;1,71863E+18;GANFUDsiapGELOT;https://twitter.com/GANFUDsiapGELOT/status/1718642574720942175
Sun Oct 29 14:53:49 +0000 2023;1,71864E+18;Pasangan yang menegakkan hukum ya Ganjar &amp  Mahfud  #GanjarMahfud #GanjarMahfud2024 #DukungGanjarMahfud https://t.co/7OOZwMnHUW;0;0;0;0;in;1,46722E+18;1,71864E+18;tegarahmad20;https://twitter.com/tegarahmad20/status/1718642297062261161
Sun Oct 29 14:47:07 +0000 2023;1,71864E+18;@ILCTalkshow Tetap pak ganjarmahfud gaspolllll;0;0;0;0;in;1,70401E+18;1,71853E+18;dyah390173;https://twitter.com/dyah390173/status/1718640612596121840
Sun Oct 29 14:43:23 +0000 2023;1,71864E+18;@lek_brewok selalu all in pak ganjarMahfud   #GanjarMahfudTaatKonstitusi;0;0;0;0;in;1,70332E+18;1,71857E+18;OArdianti72099;https://twitter.com/OArdianti72099/status/1718639674745659498
Sun Oct 29 14:42:36 +0000 2023;1,71864E+18;@_rakyatmerdeka All in ganjarmahfud gaspolll bersama beliau indonesia maju dan unggul;0;0;0;0;in;1,70401E+18;1,71826E+18;dyah390173;https://twitter.com/dyah390173/status/1718639477772742895
Sun Oct 29 14:40:53 +0000 2023;1,71864E+18;@kiki_daliyo Pak Bas yuk bangkit lagi bersama GanjarMahfud;0;0;0;0;in;1,68858E+18;1,71858E+18;temankuma;https://twitter.com/temankuma/status/1718639045302231309
Sun Oct 29 14:40:49 +0000 2023;1,71864E+18;Ganjar &amp  Mahfud lebih menjanjikan penegakan hukum &amp  Mensejahterakan Rakyat. Hari Ini, Tgl. 27 Oktober 2023 secara resmi #IND Maju @KamarullahH diganti #GanjarMahfud @KamarullahH Mengajak seluruh rakyat Indonesi pilih Capres '24-'29 @ganjarpranowo &amp  Cawapres '24-'29 @mohmahfudmd https://t.co/FyFyY1VPjv;0;0;0;0;in;2898088374;1,71864E+18;KamarullahH;https://twitter.com/KamarullahH/status/1718639025979113771
Sun Oct 29 14:25:46 +0000 2023;1,71864E+18;Ganjar janji perkuat KPK buat berantas korupsi di Indonesia #GanjarPresiden2024 #GanjarMahfud #GanjarMahfudMenang #ganjarpranowo #ganjar #sahabatganjar #relawanganjar https://t.co/sxCXSinxYf;0;1;0;0;in;2790750052;1,71864E+18;GanjarJTG;https://twitter.com/GanjarJTG/status/1718635239336296748
Sun Oct 29 14:25:44 +0000 2023;1,71864E+18;semua cinta ganjar mahfud #GanjarMahfud #dukungganjarmahfud #GanjarMahfud2024 https://t.co/kYLnmLAOlV;0;0;0;0;in;1,70444E+18;1,71864E+18;Andikmahard;https://twitter.com/Andikmahard/status/1718635229433438703
Sun Oct 29 14:25:38 +0000 2023;1,71864E+18;Ganjar-Mahfud solusi berantas korupsi pasangan ideal yang membawa kemajuan untuk bangsa Indonesia #GanjarPresiden2024 #GanjarMahfud #GanjarMahfudMenang #ganjarpranowo #ganjar #sahabatganjar #relawanganjar https://t.co/VNsxoLGEjH;0;0;0;0;in;2790750052;1,71864E+18;GanjarJTG;https://twitter.com/GanjarJTG/status/1718635207409250553
Sun Oct 29 14:25:30 +0000 2023;1,71864E+18;@bungalotus25 @MarcosLynd @sukmawijaya91 @ConanNKRI @jokowi @PUTRY_NUSANTARA @Joker_Wedoks Makanya Gaspol #GanjarMahfud  Menang satu putaran üëç;0;0;0;2;in;1,16667E+18;1,7184E+18;BahasaHati6;https://twitter.com/BahasaHati6/status/1718635172743311775
Sun Oct 29 14:24:17 +0000 2023;1,71863E+18;@FaGtng Semangat,,Semangat,, menangkan GanjarMahfud satu putaran;0;0;0;6;in;1658428855;1,71863E+18;refpd;https://twitter.com/refpd/status/1718634866827571393
Sun Oct 29 14:22:32 +0000 2023;1,71863E+18;Ganjar-Mahfud lawan korupsi tanpa kompromi #GanjarPresiden2024 #GanjarMahfud #GanjarMahfudMenang #ganjarpranowo #ganjar #sahabatganjar #relawanganjar https://t.co/klZlqh65kL;0;0;0;0;in;2790750052;1,71863E+18;GanjarJTG;https://twitter.com/GanjarJTG/status/1718634426622792011
Sun Oct 29 14:21:59 +0000 2023;1,71863E+18;@Nikmatul_Sg @gibran_tweet pak ganjarmahfud tetap di hati;0;0;0;0;in;1,70438E+18;1,71854E+18;geby1142690;https://twitter.com/geby1142690/status/1718634289330610437
Sun Oct 29 14:16:12 +0000 2023;1,71863E+18;@gus_dibyo @mohmahfudmd tidak ragu lagi pilih pak ganjarmahfud;0;0;0;0;in;1,70438E+18;1,7185E+18;geby1142690;https://twitter.com/geby1142690/status/1718632830543306803
Sun Oct 29 14:13:59 +0000 2023;1,71863E+18;@gus_dibyo @mohmahfudmd bersama ganjarmahfud indonesia lebih sejahtera;0;0;0;0;in;1,70438E+18;1,7185E+18;muhamma94326553;https://twitter.com/muhamma94326553/status/1718632272277185020
Sun Oct 29 14:13:40 +0000 2023;1,71863E+18;Semua cinta Ganjar Mahfud  #GanjarMahfud #GanjarMahfud2024 #DukungGanjarMahfud https://t.co/DUPYE7QSwE;0;0;0;0;in;1,70118E+18;1,71863E+18;BrittinyLe62452;https://twitter.com/BrittinyLe62452/status/1718632195252981786
Sun Oct 29 14:13:33 +0000 2023;1,71863E+18;Ganjar-Mahfud solusi berantas korupsi pasangan ideal yang membawa kemajuan untuk bangsa Indonesia #GanjarPresiden2024 #GanjarMahfud #GanjarMahfudMenang https://t.co/e8dA7QGvCs;0;0;0;0;in;1,65326E+18;1,71863E+18;TannerKell54621;https://twitter.com/TannerKell54621/status/1718632166802792659
Sun Oct 29 14:12:12 +0000 2023;1,71863E+18;@kiki_daliyo Indonesia akan kembali menjadi lebih baik lagi bersama GanjarMahfud, Pak Bas tenang aja, dukung terus pak Ganjar yah pak;0;0;0;0;in;1,59925E+18;1,71857E+18;2acoundnunu;https://twitter.com/2acoundnunu/status/1718631824556200173
Sun Oct 29 14:11:40 +0000 2023;1,71863E+18;@Nikmatul_Sg @gibran_tweet tetap ganjarmahfud jelas sudah teruji;0;0;0;0;in;1,70438E+18;1,71854E+18;bima56488354352;https://twitter.com/bima56488354352/status/1718631692985110586
Sun Oct 29 14:10:53 +0000 2023;1,71863E+18;Deklarasi Relawan Damai Sejahtera (REDS) dihadiri Ganjar Pranowo #GanjarPresiden2024 #GanjarMahfud #GanjarMahfudMenang #ganjarpranowo #ganjar #sahabatganjar #relawanganjar https://t.co/q98ecvhEJE;0;0;0;1;in;2790750052;1,71863E+18;GanjarJTG;https://twitter.com/GanjarJTG/status/1718631495886385316
Sun Oct 29 14:10:33 +0000 2023;1,71863E+18;Orang baik pasti dukung orang baik #GanjarMahfud #GanjarMahfud2024 #DukungGanjarMahfud https://t.co/OiL8SLXueS;0;0;0;0;in;1,70306E+18;1,71863E+18;AzkayraMika99;https://twitter.com/AzkayraMika99/status/1718631409068515672
Sun Oct 29 14:07:20 +0000 2023;1,71863E+18;@kiki_daliyo Semangat terus Pak Bas, pasti semuanya akan baik-baik saja kalau Pak GanjarMahfud jadi presiden;0;0;0;0;in;1,06874E+18;1,71857E+18;avalilacable;https://twitter.com/avalilacable/status/1718630599483961407
Sun Oct 29 14:06:54 +0000 2023;1,71863E+18;Perhimpunan Perempuan Indonesia Emas dukung Paslon Ganjar-Mahfud #GanjarPresiden2024 #GanjarMahfud #GanjarMahfudMenang #ganjarpranowo #ganjar #sahabatganjar #relawanganjar https://t.co/lO08rRoLgF;0;0;0;0;in;2790750052;1,71863E+18;GanjarJTG;https://twitter.com/GanjarJTG/status/1718630492407504921
Sun Oct 29 14:05:36 +0000 2023;1,71863E+18;Dinasti polotik menurut Alam: Dinasti politik itu ga salah... Yang salah itu....... #GanjarMahfud https://t.co/YtuPracHh7;0;0;7;9;in;1,19642E+18;1,71863E+18;SerbaSabi_;https://twitter.com/SerbaSabi_/status/1718630164652081270
Sun Oct 29 14:01:36 +0000 2023;1,71863E+18;Semua cinta pak Ganjar Mahfud ‚ù§‚ù§ #GanjarMahfud #GanjarMahfud2024 #DukungGanjarMahfud https://t.co/TKfVaI2uGN;0;0;0;1;in;1,70369E+18;1,71863E+18;dillanurseptia;https://twitter.com/dillanurseptia/status/1718629157385760847
Sun Oct 29 13:59:53 +0000 2023;1,71863E+18;@Miduk17 Pak Bas ekspresinya sangat sedih keliatannya, jangan sedih pak ada pak GanjarMahfud yang akan memperbaiki semuanya;0;0;0;0;in;1,68858E+18;1,71856E+18;temankuma;https://twitter.com/temankuma/status/1718628725645000730
